1,TSSI,2024-12-02 09:30:00,(Entry),10.4000,NA,480,NA,NA,NA,RSI_SCORE=0.5000,RSI_STD_SCORE=0.5000,MACD_SCORE=0.5000,ATR_Filter_SCORE=0.5000,Sector_SCORE=0.5000,RelativeVolume_SCORE=0.5000,Multi_MA_SCORE=0.5000,Crossover_SCORE=0.5000
1,TSSI,2024-12-02 15:30:00,(EODExit),11.0400,10.4000,480,307.2002,1,0.06154,RSI_SCORE=0.5000,RSI_STD_SCORE=0.5000,MACD_SCORE=0.5000,ATR_Filter_SCORE=0.5000,Sector_SCORE=0.5000,RelativeVolume_SCORE=0.5000,Multi_MA_SCORE=0.5000,Crossover_SCORE=0.5000
1,TSSI,2024-12-03 09:30:00,(Entry),11.0100,NA,456,NA,NA,NA,RSI_SCORE=0.5000,RSI_STD_SCORE=0.5000,MACD_SCORE=0.5000,ATR_Filter_SCORE=0.5000,Sector_SCORE=0.5000,RelativeVolume_SCORE=0.5000,Multi_MA_SCORE=0.5000,Crossover_SCORE=0.5000
1,TSSI,2024-12-03 15:30:00,(EODExit),10.8180,11.0100,456,-87.5522,0,-0.01744,RSI_SCORE=0.5000,RSI_STD_SCORE=0.5000,MACD_SCORE=0.5000,ATR_Filter_SCORE=0.5000,Sector_SCORE=0.5000,RelativeVolume_SCORE=0.5000,Multi_MA_SCORE=0.5000,Crossover_SCORE=0.5000
1,TSSI,2024-12-04 09:30:00,(Entry),10.9900,NA,456,NA,NA,NA,RSI_SCORE=0.5000,RSI_STD_SCORE=0.5000,MACD_SCORE=0.5000,ATR_Filter_SCORE=0.5000,Sector_SCORE=0.5000,RelativeVolume_SCORE=0.5000,Multi_MA_SCORE=0.5000,Crossover_SCORE=0.5000
1,TSSI,2024-12-04 10:00:00,(Stop),10.4148,10.9900,456,-262.2895,0,-0.05234,RSI_SCORE=0.5000,RSI_STD_SCORE=0.5000,MACD_SCORE=0.5000,ATR_Filter_SCORE=0.5000,Sector_SCORE=0.5000,RelativeVolume_SCORE=0.5000,Multi_MA_SCORE=0.5000,Crossover_SCORE=0.5000
1,TSSI,2024-12-04 10:30:00,(Entry),9.9541,NA,501,NA,NA,NA,RSI_SCORE=0.5000,RSI_STD_SCORE=0.5000,MACD_SCORE=0.5000,ATR_Filter_SCORE=0.5000,Sector_SCORE=0.5000,RelativeVolume_SCORE=0.5000,Multi_MA_SCORE=0.5000,Crossover_SCORE=0.5000
1,TSSI,2024-12-04 15:00:00,(Stop),9.4261,9.9541,501,-264.5495,0,-0.05305,RSI_SCORE=0.8000,RSI_STD_SCORE=0.4000,MACD_SCORE=0.3000,ATR_Filter_SCORE=0.8000,Sector_SCORE=nan,RelativeVolume_SCORE=0.5000,Multi_MA_SCORE=0.5000,Crossover_SCORE=0.0000
1,KOSS,2024-12-02 09:30:00,(Entry),7.1600,NA,694,NA,NA,NA,RSI_SCORE=0.5000,RSI_STD_SCORE=0.5000,MACD_SCORE=0.5000,ATR_Filter_SCORE=0.5000,Sector_SCORE=0.5000,RelativeVolume_SCORE=0.5000,Multi_MA_SCORE=0.5000,Crossover_SCORE=0.5000
1,KOSS,2024-12-02 15:30:00,(EODExit),7.0300,7.1600,694,-90.2197,0,-0.01816,RSI_SCORE=0.5000,RSI_STD_SCORE=0.5000,MACD_SCORE=0.5000,ATR_Filter_SCORE=0.5000,Sector_SCORE=0.5000,RelativeVolume_SCORE=0.5000,Multi_MA_SCORE=0.5000,Crossover_SCORE=0.5000
1,KOSS,2024-12-03 09:30:00,(Entry),6.9500,NA,713,NA,NA,NA,RSI_SCORE=0.5000,RSI_STD_SCORE=0.5000,MACD_SCORE=0.5000,ATR_Filter_SCORE=0.5000,Sector_SCORE=0.5000,RelativeVolume_SCORE=0.5000,Multi_MA_SCORE=0.5000,Crossover_SCORE=0.5000
1,KOSS,2024-12-03 15:30:00,(EODExit),6.9300,6.9500,713,-14.2600,0,-0.00288,RSI_SCORE=0.5000,RSI_STD_SCORE=0.5000,MACD_SCORE=0.5000,ATR_Filter_SCORE=0.5000,Sector_SCORE=0.5000,RelativeVolume_SCORE=0.5000,Multi_MA_SCORE=0.5000,Crossover_SCORE=0.5000
1,KOSS,2024-12-04 09:30:00,(Entry),7.0000,NA,708,NA,NA,NA,RSI_SCORE=0.5000,RSI_STD_SCORE=0.5000,MACD_SCORE=0.5000,ATR_Filter_SCORE=0.5000,Sector_SCORE=0.5000,RelativeVolume_SCORE=0.5000,Multi_MA_SCORE=0.5000,Crossover_SCORE=0.5000
1,KOSS,2024-12-04 10:00:00,(Stop),6.8907,7.0000,708,-77.4122,0,-0.01562,RSI_SCORE=0.5000,RSI_STD_SCORE=0.5000,MACD_SCORE=0.5000,ATR_Filter_SCORE=0.5000,Sector_SCORE=0.5000,RelativeVolume_SCORE=0.5000,Multi_MA_SCORE=0.5000,Crossover_SCORE=0.5000
1,KOSS,2024-12-04 10:30:00,(Entry),6.9100,NA,716,NA,NA,NA,RSI_SCORE=0.5000,RSI_STD_SCORE=0.5000,MACD_SCORE=0.5000,ATR_Filter_SCORE=0.5000,Sector_SCORE=0.5000,RelativeVolume_SCORE=0.5000,Multi_MA_SCORE=0.5000,Crossover_SCORE=0.5000
1,KOSS,2024-12-04 15:30:00,(EODExit),6.8900,6.9100,716,-14.3200,0,-0.00289,RSI_SCORE=0.8000,RSI_STD_SCORE=0.8462,MACD_SCORE=0.3000,ATR_Filter_SCORE=0.8000,Sector_SCORE=nan,RelativeVolume_SCORE=0.3000,Multi_MA_SCORE=0.5000,Crossover_SCORE=0.0000
1,USIO,2024-12-02 09:30:00,(Entry),1.5350,NA,3224,NA,NA,NA,RSI_SCORE=0.5000,RSI_STD_SCORE=0.5000,MACD_SCORE=0.5000,ATR_Filter_SCORE=0.5000,Sector_SCORE=0.5000,RelativeVolume_SCORE=0.5000,Multi_MA_SCORE=0.5000,Crossover_SCORE=0.5000
1,USIO,2024-12-02 15:30:00,(EODExit),1.4700,1.5350,3224,-209.5598,0,-0.04235,RSI_SCORE=0.5000,RSI_STD_SCORE=0.5000,MACD_SCORE=0.5000,ATR_Filter_SCORE=0.5000,Sector_SCORE=0.5000,RelativeVolume_SCORE=0.5000,Multi_MA_SCORE=0.5000,Crossover_SCORE=0.5000
1,USIO,2024-12-03 09:30:00,(Entry),1.5000,NA,3285,NA,NA,NA,RSI_SCORE=0.5000,RSI_STD_SCORE=0.5000,MACD_SCORE=0.5000,ATR_Filter_SCORE=0.5000,Sector_SCORE=0.5000,RelativeVolume_SCORE=0.5000,Multi_MA_SCORE=0.5000,Crossover_SCORE=0.5000
1,USIO,2024-12-03 10:30:00,(Stop),1.4710,1.5000,3285,-95.1711,0,-0.01931,RSI_SCORE=0.5000,RSI_STD_SCORE=0.5000,MACD_SCORE=0.5000,ATR_Filter_SCORE=0.5000,Sector_SCORE=0.5000,RelativeVolume_SCORE=0.5000,Multi_MA_SCORE=0.5000,Crossover_SCORE=0.5000
1,USIO,2024-12-03 11:00:00,(Entry),1.4503,NA,3391,NA,NA,NA,RSI_SCORE=0.5000,RSI_STD_SCORE=0.5000,MACD_SCORE=0.5000,ATR_Filter_SCORE=0.5000,Sector_SCORE=0.5000,RelativeVolume_SCORE=0.5000,Multi_MA_SCORE=0.5000,Crossover_SCORE=0.5000
1,USIO,2024-12-03 12:00:00,(Stop),1.4204,1.4503,3391,-101.3303,0,-0.02060,RSI_SCORE=0.5000,RSI_STD_SCORE=0.5000,MACD_SCORE=0.5000,ATR_Filter_SCORE=0.5000,Sector_SCORE=0.5000,RelativeVolume_SCORE=0.5000,Multi_MA_SCORE=0.5000,Crossover_SCORE=0.5000
1,USIO,2024-12-03 12:30:00,(Entry),1.4300,NA,3432,NA,NA,NA,RSI_SCORE=0.5000,RSI_STD_SCORE=0.5000,MACD_SCORE=0.5000,ATR_Filter_SCORE=0.5000,Sector_SCORE=0.5000,RelativeVolume_SCORE=0.5000,Multi_MA_SCORE=0.5000,Crossover_SCORE=0.5000
1,USIO,2024-12-03 15:30:00,(EODExit),1.4284,1.4300,3432,-5.4909,0,-0.00112,RSI_SCORE=0.5000,RSI_STD_SCORE=0.5000,MACD_SCORE=0.5000,ATR_Filter_SCORE=0.5000,Sector_SCORE=0.5000,RelativeVolume_SCORE=0.5000,Multi_MA_SCORE=0.5000,Crossover_SCORE=0.5000
1,USIO,2024-12-04 09:30:00,(Entry),1.4650,NA,3350,NA,NA,NA,RSI_SCORE=0.5000,RSI_STD_SCORE=0.5000,MACD_SCORE=0.5000,ATR_Filter_SCORE=0.5000,Sector_SCORE=0.5000,RelativeVolume_SCORE=0.5000,Multi_MA_SCORE=0.5000,Crossover_SCORE=0.5000
1,USIO,2024-12-04 10:00:00,(Stop),1.4345,1.4650,3350,-102.1870,0,-0.02082,RSI_SCORE=0.5000,RSI_STD_SCORE=0.5000,MACD_SCORE=0.5000,ATR_Filter_SCORE=0.5000,Sector_SCORE=0.5000,RelativeVolume_SCORE=0.5000,Multi_MA_SCORE=0.5000,Crossover_SCORE=0.5000
1,USIO,2024-12-04 10:30:00,(Entry),1.4000,NA,3498,NA,NA,NA,RSI_SCORE=0.5000,RSI_STD_SCORE=0.5000,MACD_SCORE=0.5000,ATR_Filter_SCORE=0.5000,Sector_SCORE=0.5000,RelativeVolume_SCORE=0.5000,Multi_MA_SCORE=0.5000,Crossover_SCORE=0.5000
1,USIO,2024-12-04 13:00:00,(Stop),1.3621,1.4000,3498,-132.6367,0,-0.02708,RSI_SCORE=0.8000,RSI_STD_SCORE=0.7500,MACD_SCORE=0.1000,ATR_Filter_SCORE=0.8000,Sector_SCORE=nan,RelativeVolume_SCORE=0.3000,Multi_MA_SCORE=0.5000,Crossover_SCORE=0.0000
1,PRO,2024-12-02 09:30:00,(Entry),23.1500,NA,211,NA,NA,NA,RSI_SCORE=0.5000,RSI_STD_SCORE=0.5000,MACD_SCORE=0.5000,ATR_Filter_SCORE=0.5000,Sector_SCORE=0.5000,RelativeVolume_SCORE=0.5000,Multi_MA_SCORE=0.5000,Crossover_SCORE=0.5000
1,PRO,2024-12-02 15:30:00,(EODExit),23.7700,23.1500,211,130.8202,1,0.02678,RSI_SCORE=0.5000,RSI_STD_SCORE=0.5000,MACD_SCORE=0.5000,ATR_Filter_SCORE=0.5000,Sector_SCORE=0.5000,RelativeVolume_SCORE=0.5000,Multi_MA_SCORE=0.5000,Crossover_SCORE=0.5000
1,PRO,2024-12-03 09:30:00,(Entry),23.3200,NA,210,NA,NA,NA,RSI_SCORE=0.5000,RSI_STD_SCORE=0.5000,MACD_SCORE=0.5000,ATR_Filter_SCORE=0.5000,Sector_SCORE=0.5000,RelativeVolume_SCORE=0.5000,Multi_MA_SCORE=0.5000,Crossover_SCORE=0.5000
1,PRO,2024-12-03 15:00:00,(Stop),22.8765,23.3200,210,-93.1343,0,-0.01902,RSI_SCORE=0.5000,RSI_STD_SCORE=0.5000,MACD_SCORE=0.5000,ATR_Filter_SCORE=0.5000,Sector_SCORE=0.5000,RelativeVolume_SCORE=0.5000,Multi_MA_SCORE=0.5000,Crossover_SCORE=0.5000
1,PRO,2024-12-03 15:30:00,(Entry),22.7500,NA,214,NA,NA,NA,RSI_SCORE=0.5000,RSI_STD_SCORE=0.5000,MACD_SCORE=0.5000,ATR_Filter_SCORE=0.5000,Sector_SCORE=0.5000,RelativeVolume_SCORE=0.5000,Multi_MA_SCORE=0.5000,Crossover_SCORE=0.5000
1,PRO,2024-12-03 15:30:00,(EODExit),22.4000,22.7500,214,-74.9001,0,-0.01538,RSI_SCORE=0.5000,RSI_STD_SCORE=0.5000,MACD_SCORE=0.5000,ATR_Filter_SCORE=0.5000,Sector_SCORE=0.5000,RelativeVolume_SCORE=0.5000,Multi_MA_SCORE=0.5000,Crossover_SCORE=0.5000
1,PRO,2024-12-04 09:30:00,(Entry),23.0400,NA,211,NA,NA,NA,RSI_SCORE=0.5000,RSI_STD_SCORE=0.5000,MACD_SCORE=0.5000,ATR_Filter_SCORE=0.5000,Sector_SCORE=0.5000,RelativeVolume_SCORE=0.5000,Multi_MA_SCORE=0.5000,Crossover_SCORE=0.5000
1,PRO,2024-12-04 10:00:00,(Profit),24.3139,23.0400,211,268.7991,1,0.05529,RSI_SCORE=0.5000,RSI_STD_SCORE=0.5000,MACD_SCORE=0.5000,ATR_Filter_SCORE=0.5000,Sector_SCORE=0.5000,RelativeVolume_SCORE=0.5000,Multi_MA_SCORE=0.5000,Crossover_SCORE=0.5000
1,PRO,2024-12-04 10:30:00,(Entry),24.6300,NA,199,NA,NA,NA,RSI_SCORE=0.5000,RSI_STD_SCORE=0.5000,MACD_SCORE=0.5000,ATR_Filter_SCORE=0.5000,Sector_SCORE=0.5000,RelativeVolume_SCORE=0.5000,Multi_MA_SCORE=0.5000,Crossover_SCORE=0.5000
1,PRO,2024-12-04 15:30:00,(Profit),25.9479,24.6300,199,262.2536,1,0.05351,RSI_SCORE=0.8000,RSI_STD_SCORE=0.3846,MACD_SCORE=0.7000,ATR_Filter_SCORE=0.8000,Sector_SCORE=nan,RelativeVolume_SCORE=0.5000,Multi_MA_SCORE=0.5000,Crossover_SCORE=0.5000
1,UCTT,2024-12-02 09:30:00,(Entry),38.3050,NA,128,NA,NA,NA,RSI_SCORE=0.5000,RSI_STD_SCORE=0.5000,MACD_SCORE=0.5000,ATR_Filter_SCORE=0.5000,Sector_SCORE=0.5000,RelativeVolume_SCORE=0.5000,Multi_MA_SCORE=0.5000,Crossover_SCORE=0.5000
1,UCTT,2024-12-02 15:30:00,(EODExit),40.5900,38.3050,128,292.4800,1,0.05965,RSI_SCORE=0.5000,RSI_STD_SCORE=0.5000,MACD_SCORE=0.5000,ATR_Filter_SCORE=0.5000,Sector_SCORE=0.5000,RelativeVolume_SCORE=0.5000,Multi_MA_SCORE=0.5000,Crossover_SCORE=0.5000
1,UCTT,2024-12-03 09:30:00,(Entry),40.1800,NA,123,NA,NA,NA,RSI_SCORE=0.5000,RSI_STD_SCORE=0.5000,MACD_SCORE=0.5000,ATR_Filter_SCORE=0.5000,Sector_SCORE=0.5000,RelativeVolume_SCORE=0.5000,Multi_MA_SCORE=0.5000,Crossover_SCORE=0.5000
1,UCTT,2024-12-03 10:30:00,(Stop),39.4932,40.1800,123,-84.4813,0,-0.01709,RSI_SCORE=0.5000,RSI_STD_SCORE=0.5000,MACD_SCORE=0.5000,ATR_Filter_SCORE=0.5000,Sector_SCORE=0.5000,RelativeVolume_SCORE=0.5000,Multi_MA_SCORE=0.5000,Crossover_SCORE=0.5000
1,UCTT,2024-12-03 11:00:00,(Entry),39.6500,NA,124,NA,NA,NA,RSI_SCORE=0.5000,RSI_STD_SCORE=0.5000,MACD_SCORE=0.5000,ATR_Filter_SCORE=0.5000,Sector_SCORE=0.5000,RelativeVolume_SCORE=0.5000,Multi_MA_SCORE=0.5000,Crossover_SCORE=0.5000
1,UCTT,2024-12-03 15:30:00,(EODExit),39.3900,39.6500,124,-32.2403,0,-0.00656,RSI_SCORE=0.5000,RSI_STD_SCORE=0.5000,MACD_SCORE=0.5000,ATR_Filter_SCORE=0.5000,Sector_SCORE=0.5000,RelativeVolume_SCORE=0.5000,Multi_MA_SCORE=0.5000,Crossover_SCORE=0.5000
1,UCTT,2024-12-04 09:30:00,(Entry),40.1300,NA,123,NA,NA,NA,RSI_SCORE=0.5000,RSI_STD_SCORE=0.5000,MACD_SCORE=0.5000,ATR_Filter_SCORE=0.5000,Sector_SCORE=0.5000,RelativeVolume_SCORE=0.5000,Multi_MA_SCORE=0.5000,Crossover_SCORE=0.5000
1,UCTT,2024-12-04 15:30:00,(EODExit),40.0400,40.1300,123,-11.0700,0,-0.00224,RSI_SCORE=0.8000,RSI_STD_SCORE=0.6154,MACD_SCORE=0.3000,ATR_Filter_SCORE=0.8000,Sector_SCORE=nan,RelativeVolume_SCORE=0.5000,Multi_MA_SCORE=0.5000,Crossover_SCORE=1.0000
1,SPT,2024-12-02 09:30:00,(Entry),32.1000,NA,154,NA,NA,NA,RSI_SCORE=0.5000,RSI_STD_SCORE=0.5000,MACD_SCORE=0.5000,ATR_Filter_SCORE=0.5000,Sector_SCORE=0.5000,RelativeVolume_SCORE=0.5000,Multi_MA_SCORE=0.5000,Crossover_SCORE=0.5000
1,SPT,2024-12-02 15:30:00,(EODExit),31.4500,32.1000,154,-100.0996,0,-0.02025,RSI_SCORE=0.5000,RSI_STD_SCORE=0.5000,MACD_SCORE=0.5000,ATR_Filter_SCORE=0.5000,Sector_SCORE=0.5000,RelativeVolume_SCORE=0.5000,Multi_MA_SCORE=0.5000,Crossover_SCORE=0.5000
1,SPT,2024-12-03 09:30:00,(Entry),31.1700,NA,158,NA,NA,NA,RSI_SCORE=0.5000,RSI_STD_SCORE=0.5000,MACD_SCORE=0.5000,ATR_Filter_SCORE=0.5000,Sector_SCORE=0.5000,RelativeVolume_SCORE=0.5000,Multi_MA_SCORE=0.5000,Crossover_SCORE=0.5000
1,SPT,2024-12-03 15:30:00,(Stop),30.5680,31.1700,158,-95.1098,0,-0.01931,RSI_SCORE=0.5000,RSI_STD_SCORE=0.5000,MACD_SCORE=0.5000,ATR_Filter_SCORE=0.5000,Sector_SCORE=0.5000,RelativeVolume_SCORE=0.5000,Multi_MA_SCORE=0.5000,Crossover_SCORE=0.5000
1,SPT,2024-12-04 09:30:00,(Entry),31.3000,NA,157,NA,NA,NA,RSI_SCORE=0.5000,RSI_STD_SCORE=0.5000,MACD_SCORE=0.5000,ATR_Filter_SCORE=0.5000,Sector_SCORE=0.5000,RelativeVolume_SCORE=0.5000,Multi_MA_SCORE=0.5000,Crossover_SCORE=0.5000
1,SPT,2024-12-04 11:00:00,(Profit),32.6051,31.3000,157,204.8986,1,0.04170,RSI_SCORE=0.8000,RSI_STD_SCORE=0.0588,MACD_SCORE=0.7000,ATR_Filter_SCORE=0.8000,Sector_SCORE=nan,RelativeVolume_SCORE=0.7000,Multi_MA_SCORE=0.5000,Crossover_SCORE=0.5000
1,QUIK,2024-12-02 09:30:00,(Entry),7.6450,NA,647,NA,NA,NA,RSI_SCORE=0.5000,RSI_STD_SCORE=0.5000,MACD_SCORE=0.5000,ATR_Filter_SCORE=0.5000,Sector_SCORE=0.5000,RelativeVolume_SCORE=0.5000,Multi_MA_SCORE=0.5000,Crossover_SCORE=0.5000
1,QUIK,2024-12-02 15:30:00,(EODExit),8.1400,7.6450,647,320.2652,1,0.06475,RSI_SCORE=0.5000,RSI_STD_SCORE=0.5000,MACD_SCORE=0.5000,ATR_Filter_SCORE=0.5000,Sector_SCORE=0.5000,RelativeVolume_SCORE=0.5000,Multi_MA_SCORE=0.5000,Crossover_SCORE=0.5000
1,QUIK,2024-12-03 09:30:00,(Entry),8.0300,NA,620,NA,NA,NA,RSI_SCORE=0.5000,RSI_STD_SCORE=0.5000,MACD_SCORE=0.5000,ATR_Filter_SCORE=0.5000,Sector_SCORE=0.5000,RelativeVolume_SCORE=0.5000,Multi_MA_SCORE=0.5000,Crossover_SCORE=0.5000
1,QUIK,2024-12-03 15:30:00,(EODExit),7.9201,8.0300,620,-68.1377,0,-0.01369,RSI_SCORE=0.5000,RSI_STD_SCORE=0.5000,MACD_SCORE=0.5000,ATR_Filter_SCORE=0.5000,Sector_SCORE=0.5000,RelativeVolume_SCORE=0.5000,Multi_MA_SCORE=0.5000,Crossover_SCORE=0.5000
1,QUIK,2024-12-04 09:30:00,(Entry),7.9300,NA,627,NA,NA,NA,RSI_SCORE=0.5000,RSI_STD_SCORE=0.5000,MACD_SCORE=0.5000,ATR_Filter_SCORE=0.5000,Sector_SCORE=0.5000,RelativeVolume_SCORE=0.5000,Multi_MA_SCORE=0.5000,Crossover_SCORE=0.5000
1,QUIK,2024-12-04 15:30:00,(EODExit),7.9200,7.9300,627,-6.2698,0,-0.00126,RSI_SCORE=0.8000,RSI_STD_SCORE=0.7692,MACD_SCORE=0.3000,ATR_Filter_SCORE=0.8000,Sector_SCORE=nan,RelativeVolume_SCORE=0.3000,Multi_MA_SCORE=0.5000,Crossover_SCORE=0.0000
1,PSFE,2024-12-02 09:30:00,(Entry),19.9100,NA,249,NA,NA,NA,RSI_SCORE=0.5000,RSI_STD_SCORE=0.5000,MACD_SCORE=0.5000,ATR_Filter_SCORE=0.5000,Sector_SCORE=0.5000,RelativeVolume_SCORE=0.5000,Multi_MA_SCORE=0.5000,Crossover_SCORE=0.5000
1,PSFE,2024-12-02 15:30:00,(EODExit),20.2200,19.9100,249,77.1899,1,0.01557,RSI_SCORE=0.5000,RSI_STD_SCORE=0.5000,MACD_SCORE=0.5000,ATR_Filter_SCORE=0.5000,Sector_SCORE=0.5000,RelativeVolume_SCORE=0.5000,Multi_MA_SCORE=0.5000,Crossover_SCORE=0.5000
1,PSFE,2024-12-03 09:30:00,(Entry),20.2000,NA,246,NA,NA,NA,RSI_SCORE=0.5000,RSI_STD_SCORE=0.5000,MACD_SCORE=0.5000,ATR_Filter_SCORE=0.5000,Sector_SCORE=0.5000,RelativeVolume_SCORE=0.5000,Multi_MA_SCORE=0.5000,Crossover_SCORE=0.5000
1,PSFE,2024-12-03 10:00:00,(Stop),19.9683,20.2000,246,-56.9947,0,-0.01147,RSI_SCORE=0.5000,RSI_STD_SCORE=0.5000,MACD_SCORE=0.5000,ATR_Filter_SCORE=0.5000,Sector_SCORE=0.5000,RelativeVolume_SCORE=0.5000,Multi_MA_SCORE=0.5000,Crossover_SCORE=0.5000
1,PSFE,2024-12-03 10:30:00,(Entry),19.9500,NA,249,NA,NA,NA,RSI_SCORE=0.5000,RSI_STD_SCORE=0.5000,MACD_SCORE=0.5000,ATR_Filter_SCORE=0.5000,Sector_SCORE=0.5000,RelativeVolume_SCORE=0.5000,Multi_MA_SCORE=0.5000,Crossover_SCORE=0.5000
1,PSFE,2024-12-03 11:30:00,(Stop),19.7381,19.9500,249,-52.7542,0,-0.01062,RSI_SCORE=0.5000,RSI_STD_SCORE=0.5000,MACD_SCORE=0.5000,ATR_Filter_SCORE=0.5000,Sector_SCORE=0.5000,RelativeVolume_SCORE=0.5000,Multi_MA_SCORE=0.5000,Crossover_SCORE=0.5000
1,PSFE,2024-12-03 12:00:00,(Entry),19.7000,NA,252,NA,NA,NA,RSI_SCORE=0.5000,RSI_STD_SCORE=0.5000,MACD_SCORE=0.5000,ATR_Filter_SCORE=0.5000,Sector_SCORE=0.5000,RelativeVolume_SCORE=0.5000,Multi_MA_SCORE=0.5000,Crossover_SCORE=0.5000
1,PSFE,2024-12-03 15:30:00,(EODExit),19.8200,19.7000,252,30.2397,1,0.00609,RSI_SCORE=0.5000,RSI_STD_SCORE=0.5000,MACD_SCORE=0.5000,ATR_Filter_SCORE=0.5000,Sector_SCORE=0.5000,RelativeVolume_SCORE=0.5000,Multi_MA_SCORE=0.5000,Crossover_SCORE=0.5000
1,PSFE,2024-12-04 09:30:00,(Entry),19.9100,NA,249,NA,NA,NA,RSI_SCORE=0.5000,RSI_STD_SCORE=0.5000,MACD_SCORE=0.5000,ATR_Filter_SCORE=0.5000,Sector_SCORE=0.5000,RelativeVolume_SCORE=0.5000,Multi_MA_SCORE=0.5000,Crossover_SCORE=0.5000
1,PSFE,2024-12-04 12:00:00,(Stop),19.6635,19.9100,249,-61.3794,0,-0.01238,RSI_SCORE=0.8000,RSI_STD_SCORE=0.4737,MACD_SCORE=0.1000,ATR_Filter_SCORE=0.8000,Sector_SCORE=nan,RelativeVolume_SCORE=0.3000,Multi_MA_SCORE=0.5000,Crossover_SCORE=0.5000
1,ONDS,2024-12-02 09:30:00,(Entry),1.1760,NA,4226,NA,NA,NA,RSI_SCORE=0.5000,RSI_STD_SCORE=0.5000,MACD_SCORE=0.5000,ATR_Filter_SCORE=0.5000,Sector_SCORE=0.5000,RelativeVolume_SCORE=0.5000,Multi_MA_SCORE=0.5000,Crossover_SCORE=0.5000
1,ONDS,2024-12-02 15:30:00,(EODExit),0.8201,1.1760,4226,-1504.0334,0,-0.30264,RSI_SCORE=0.5000,RSI_STD_SCORE=0.5000,MACD_SCORE=0.5000,ATR_Filter_SCORE=0.5000,Sector_SCORE=0.5000,RelativeVolume_SCORE=0.5000,Multi_MA_SCORE=0.5000,Crossover_SCORE=0.5000
1,ONDS,2024-12-03 09:30:00,(Entry),0.8500,NA,5670,NA,NA,NA,RSI_SCORE=0.5000,RSI_STD_SCORE=0.5000,MACD_SCORE=0.5000,ATR_Filter_SCORE=0.5000,Sector_SCORE=0.5000,RelativeVolume_SCORE=0.5000,Multi_MA_SCORE=0.5000,Crossover_SCORE=0.5000
1,ONDS,2024-12-03 15:30:00,(EODExit),0.7974,0.8500,5670,-298.2421,0,-0.06188,RSI_SCORE=0.5000,RSI_STD_SCORE=0.5000,MACD_SCORE=0.5000,ATR_Filter_SCORE=0.5000,Sector_SCORE=0.5000,RelativeVolume_SCORE=0.5000,Multi_MA_SCORE=0.5000,Crossover_SCORE=0.5000
1,ONDS,2024-12-04 09:30:00,(Entry),0.7800,NA,6140,NA,NA,NA,RSI_SCORE=0.5000,RSI_STD_SCORE=0.5000,MACD_SCORE=0.5000,ATR_Filter_SCORE=0.5000,Sector_SCORE=0.5000,RelativeVolume_SCORE=0.5000,Multi_MA_SCORE=0.5000,Crossover_SCORE=0.5000
1,ONDS,2024-12-04 15:30:00,(EODExit),0.7882,0.7800,6140,50.3483,1,0.01051,RSI_SCORE=0.8000,RSI_STD_SCORE=0.9231,MACD_SCORE=0.7000,ATR_Filter_SCORE=0.8000,Sector_SCORE=nan,RelativeVolume_SCORE=0.3000,Multi_MA_SCORE=0.5000,Crossover_SCORE=0.5000
1,BKKT,2024-12-02 09:30:00,(Entry),27.7800,NA,172,NA,NA,NA,RSI_SCORE=0.5000,RSI_STD_SCORE=0.5000,MACD_SCORE=0.5000,ATR_Filter_SCORE=0.5000,Sector_SCORE=0.5000,RelativeVolume_SCORE=0.5000,Multi_MA_SCORE=0.5000,Crossover_SCORE=0.5000
1,BKKT,2024-12-02 15:30:00,(EODExit),25.3500,27.7800,172,-417.9601,0,-0.08747,RSI_SCORE=0.5000,RSI_STD_SCORE=0.5000,MACD_SCORE=0.5000,ATR_Filter_SCORE=0.5000,Sector_SCORE=0.5000,RelativeVolume_SCORE=0.5000,Multi_MA_SCORE=0.5000,Crossover_SCORE=0.5000
1,BKKT,2024-12-03 09:30:00,(Entry),24.6100,NA,193,NA,NA,NA,RSI_SCORE=0.5000,RSI_STD_SCORE=0.5000,MACD_SCORE=0.5000,ATR_Filter_SCORE=0.5000,Sector_SCORE=0.5000,RelativeVolume_SCORE=0.5000,Multi_MA_SCORE=0.5000,Crossover_SCORE=0.5000
1,BKKT,2024-12-03 15:30:00,(EODExit),23.8800,24.6100,193,-140.8903,0,-0.02966,RSI_SCORE=0.5000,RSI_STD_SCORE=0.5000,MACD_SCORE=0.5000,ATR_Filter_SCORE=0.5000,Sector_SCORE=0.5000,RelativeVolume_SCORE=0.5000,Multi_MA_SCORE=0.5000,Crossover_SCORE=0.5000
1,BKKT,2024-12-04 09:30:00,(Entry),23.6600,NA,200,NA,NA,NA,RSI_SCORE=0.5000,RSI_STD_SCORE=0.5000,MACD_SCORE=0.5000,ATR_Filter_SCORE=0.5000,Sector_SCORE=0.5000,RelativeVolume_SCORE=0.5000,Multi_MA_SCORE=0.5000,Crossover_SCORE=0.5000
1,BKKT,2024-12-04 15:30:00,(EODExit),23.7900,23.6600,200,26.0002,1,0.00549,RSI_SCORE=0.8000,RSI_STD_SCORE=0.9615,MACD_SCORE=0.7000,ATR_Filter_SCORE=0.8000,Sector_SCORE=nan,RelativeVolume_SCORE=0.3000,Multi_MA_SCORE=0.5000,Crossover_SCORE=0.0000
1,JAMF,2024-12-02 09:30:00,(Entry),14.6650,NA,323,NA,NA,NA,RSI_SCORE=0.5000,RSI_STD_SCORE=0.5000,MACD_SCORE=0.5000,ATR_Filter_SCORE=0.5000,Sector_SCORE=0.5000,RelativeVolume_SCORE=0.5000,Multi_MA_SCORE=0.5000,Crossover_SCORE=0.5000
1,JAMF,2024-12-02 15:30:00,(EODExit),15.4979,14.6650,323,269.0267,1,0.05680,RSI_SCORE=0.5000,RSI_STD_SCORE=0.5000,MACD_SCORE=0.5000,ATR_Filter_SCORE=0.5000,Sector_SCORE=0.5000,RelativeVolume_SCORE=0.5000,Multi_MA_SCORE=0.5000,Crossover_SCORE=0.5000
1,JAMF,2024-12-03 09:30:00,(Entry),15.4300,NA,309,NA,NA,NA,RSI_SCORE=0.5000,RSI_STD_SCORE=0.5000,MACD_SCORE=0.5000,ATR_Filter_SCORE=0.5000,Sector_SCORE=0.5000,RelativeVolume_SCORE=0.5000,Multi_MA_SCORE=0.5000,Crossover_SCORE=0.5000
1,JAMF,2024-12-03 15:30:00,(EODExit),15.5900,15.4300,309,49.4400,1,0.01037,RSI_SCORE=0.5000,RSI_STD_SCORE=0.5000,MACD_SCORE=0.5000,ATR_Filter_SCORE=0.5000,Sector_SCORE=0.5000,RelativeVolume_SCORE=0.5000,Multi_MA_SCORE=0.5000,Crossover_SCORE=0.5000
1,JAMF,2024-12-04 09:30:00,(Entry),15.7400,NA,303,NA,NA,NA,RSI_SCORE=0.5000,RSI_STD_SCORE=0.5000,MACD_SCORE=0.5000,ATR_Filter_SCORE=0.5000,Sector_SCORE=0.5000,RelativeVolume_SCORE=0.5000,Multi_MA_SCORE=0.5000,Crossover_SCORE=0.5000
1,JAMF,2024-12-04 10:30:00,(Profit),16.0601,15.7400,303,97.0034,1,0.02034,RSI_SCORE=0.5000,RSI_STD_SCORE=0.5000,MACD_SCORE=0.5000,ATR_Filter_SCORE=0.5000,Sector_SCORE=0.5000,RelativeVolume_SCORE=0.5000,Multi_MA_SCORE=0.5000,Crossover_SCORE=0.5000
1,CRNT,2024-12-02 09:30:00,(Entry),4.6000,NA,1039,NA,NA,NA,RSI_SCORE=0.5000,RSI_STD_SCORE=0.5000,MACD_SCORE=0.5000,ATR_Filter_SCORE=0.5000,Sector_SCORE=0.5000,RelativeVolume_SCORE=0.5000,Multi_MA_SCORE=0.5000,Crossover_SCORE=0.5000
1,CRNT,2024-12-02 15:30:00,(EODExit),4.1500,4.6000,1039,-467.5498,0,-0.09783,RSI_SCORE=0.5000,RSI_STD_SCORE=0.5000,MACD_SCORE=0.5000,ATR_Filter_SCORE=0.5000,Sector_SCORE=0.5000,RelativeVolume_SCORE=0.5000,Multi_MA_SCORE=0.5000,Crossover_SCORE=0.5000
1,CRNT,2024-12-03 09:30:00,(Entry),4.2300,NA,1119,NA,NA,NA,RSI_SCORE=0.5000,RSI_STD_SCORE=0.5000,MACD_SCORE=0.5000,ATR_Filter_SCORE=0.5000,Sector_SCORE=0.5000,RelativeVolume_SCORE=0.5000,Multi_MA_SCORE=0.5000,Crossover_SCORE=0.5000
1,CRNT,2024-12-03 15:30:00,(EODExit),4.3850,4.2300,1119,173.4452,1,0.03664,RSI_SCORE=0.5000,RSI_STD_SCORE=0.5000,MACD_SCORE=0.5000,ATR_Filter_SCORE=0.5000,Sector_SCORE=0.5000,RelativeVolume_SCORE=0.5000,Multi_MA_SCORE=0.5000,Crossover_SCORE=0.5000
1,CRNT,2024-12-04 09:30:00,(Entry),4.4443,NA,1069,NA,NA,NA,RSI_SCORE=0.5000,RSI_STD_SCORE=0.5000,MACD_SCORE=0.5000,ATR_Filter_SCORE=0.5000,Sector_SCORE=0.5000,RelativeVolume_SCORE=0.5000,Multi_MA_SCORE=0.5000,Crossover_SCORE=0.5000
1,CRNT,2024-12-04 10:30:00,(Stop),4.3186,4.4443,1069,-134.3848,0,-0.02829,RSI_SCORE=0.5000,RSI_STD_SCORE=0.5000,MACD_SCORE=0.5000,ATR_Filter_SCORE=0.5000,Sector_SCORE=0.5000,RelativeVolume_SCORE=0.5000,Multi_MA_SCORE=0.5000,Crossover_SCORE=0.5000
1,BCOV,2024-12-02 09:30:00,(Entry),4.2800,NA,1107,NA,NA,NA,RSI_SCORE=0.5000,RSI_STD_SCORE=0.5000,MACD_SCORE=0.5000,ATR_Filter_SCORE=0.5000,Sector_SCORE=0.5000,RelativeVolume_SCORE=0.5000,Multi_MA_SCORE=0.5000,Crossover_SCORE=0.5000
1,BCOV,2024-12-02 15:30:00,(EODExit),4.2750,4.2800,1107,-5.5351,0,-0.00117,RSI_SCORE=0.5000,RSI_STD_SCORE=0.5000,MACD_SCORE=0.5000,ATR_Filter_SCORE=0.5000,Sector_SCORE=0.5000,RelativeVolume_SCORE=0.5000,Multi_MA_SCORE=0.5000,Crossover_SCORE=0.5000
1,BCOV,2024-12-03 09:30:00,(Entry),4.2700,NA,1110,NA,NA,NA,RSI_SCORE=0.5000,RSI_STD_SCORE=0.5000,MACD_SCORE=0.5000,ATR_Filter_SCORE=0.5000,Sector_SCORE=0.5000,RelativeVolume_SCORE=0.5000,Multi_MA_SCORE=0.5000,Crossover_SCORE=0.5000
1,BCOV,2024-12-03 15:30:00,(EODExit),4.2850,4.2700,1110,16.6499,1,0.00351,RSI_SCORE=0.5000,RSI_STD_SCORE=0.5000,MACD_SCORE=0.5000,ATR_Filter_SCORE=0.5000,Sector_SCORE=0.5000,RelativeVolume_SCORE=0.5000,Multi_MA_SCORE=0.5000,Crossover_SCORE=0.5000
1,BCOV,2024-12-04 09:30:00,(Entry),4.2900,NA,1105,NA,NA,NA,RSI_SCORE=0.5000,RSI_STD_SCORE=0.5000,MACD_SCORE=0.5000,ATR_Filter_SCORE=0.5000,Sector_SCORE=0.5000,RelativeVolume_SCORE=0.5000,Multi_MA_SCORE=0.5000,Crossover_SCORE=0.5000
1,BCOV,2024-12-04 12:30:00,(Profit),4.3368,4.2900,1105,51.7611,1,0.01092,RSI_SCORE=0.8000,RSI_STD_SCORE=0.1500,MACD_SCORE=0.7000,ATR_Filter_SCORE=0.8000,Sector_SCORE=nan,RelativeVolume_SCORE=0.3000,Multi_MA_SCORE=0.5000,Crossover_SCORE=1.0000
1,DAKT,2024-12-02 09:30:00,(Entry),15.3900,NA,308,NA,NA,NA,RSI_SCORE=0.5000,RSI_STD_SCORE=0.5000,MACD_SCORE=0.5000,ATR_Filter_SCORE=0.5000,Sector_SCORE=0.5000,RelativeVolume_SCORE=0.5000,Multi_MA_SCORE=0.5000,Crossover_SCORE=0.5000
1,DAKT,2024-12-02 15:30:00,(EODExit),15.9700,15.3900,308,178.6400,1,0.03769,RSI_SCORE=0.5000,RSI_STD_SCORE=0.5000,MACD_SCORE=0.5000,ATR_Filter_SCORE=0.5000,Sector_SCORE=0.5000,RelativeVolume_SCORE=0.5000,Multi_MA_SCORE=0.5000,Crossover_SCORE=0.5000
1,DAKT,2024-12-03 09:30:00,(Entry),16.1500,NA,295,NA,NA,NA,RSI_SCORE=0.5000,RSI_STD_SCORE=0.5000,MACD_SCORE=0.5000,ATR_Filter_SCORE=0.5000,Sector_SCORE=0.5000,RelativeVolume_SCORE=0.5000,Multi_MA_SCORE=0.5000,Crossover_SCORE=0.5000
1,DAKT,2024-12-03 15:30:00,(EODExit),16.3600,16.1500,295,61.9503,1,0.01300,RSI_SCORE=0.5000,RSI_STD_SCORE=0.5000,MACD_SCORE=0.5000,ATR_Filter_SCORE=0.5000,Sector_SCORE=0.5000,RelativeVolume_SCORE=0.5000,Multi_MA_SCORE=0.5000,Crossover_SCORE=0.5000
1,DAKT,2024-12-04 09:30:00,(Entry),17.5000,NA,272,NA,NA,NA,RSI_SCORE=0.5000,RSI_STD_SCORE=0.5000,MACD_SCORE=0.5000,ATR_Filter_SCORE=0.5000,Sector_SCORE=0.5000,RelativeVolume_SCORE=0.5000,Multi_MA_SCORE=0.5000,Crossover_SCORE=0.5000
1,DAKT,2024-12-04 10:00:00,(Profit),18.6570,17.5000,272,314.7080,1,0.06612,RSI_SCORE=0.5000,RSI_STD_SCORE=0.5000,MACD_SCORE=0.5000,ATR_Filter_SCORE=0.5000,Sector_SCORE=0.5000,RelativeVolume_SCORE=0.5000,Multi_MA_SCORE=0.5000,Crossover_SCORE=0.5000
1,DAKT,2024-12-04 10:30:00,(Entry),18.5100,NA,259,NA,NA,NA,RSI_SCORE=0.5000,RSI_STD_SCORE=0.5000,MACD_SCORE=0.5000,ATR_Filter_SCORE=0.5000,Sector_SCORE=0.5000,RelativeVolume_SCORE=0.5000,Multi_MA_SCORE=0.5000,Crossover_SCORE=0.5000
1,DAKT,2024-12-04 15:30:00,(EODExit),18.9100,18.5100,259,103.5999,1,0.02161,RSI_SCORE=0.8000,RSI_STD_SCORE=0.9615,MACD_SCORE=0.7000,ATR_Filter_SCORE=0.8000,Sector_SCORE=nan,RelativeVolume_SCORE=0.3000,Multi_MA_SCORE=0.5000,Crossover_SCORE=0.5000
1,GNSS,2024-12-02 09:30:00,(Entry),3.8000,NA,1266,NA,NA,NA,RSI_SCORE=0.5000,RSI_STD_SCORE=0.5000,MACD_SCORE=0.5000,ATR_Filter_SCORE=0.5000,Sector_SCORE=0.5000,RelativeVolume_SCORE=0.5000,Multi_MA_SCORE=0.5000,Crossover_SCORE=0.5000
1,GNSS,2024-12-02 15:30:00,(EODExit),3.7700,3.8000,1266,-37.9800,0,-0.00789,RSI_SCORE=0.5000,RSI_STD_SCORE=0.5000,MACD_SCORE=0.5000,ATR_Filter_SCORE=0.5000,Sector_SCORE=0.5000,RelativeVolume_SCORE=0.5000,Multi_MA_SCORE=0.5000,Crossover_SCORE=0.5000
1,GNSS,2024-12-03 09:30:00,(Entry),3.7600,NA,1278,NA,NA,NA,RSI_SCORE=0.5000,RSI_STD_SCORE=0.5000,MACD_SCORE=0.5000,ATR_Filter_SCORE=0.5000,Sector_SCORE=0.5000,RelativeVolume_SCORE=0.5000,Multi_MA_SCORE=0.5000,Crossover_SCORE=0.5000
1,GNSS,2024-12-03 10:00:00,(Stop),3.7231,3.7600,1278,-47.1308,0,-0.00981,RSI_SCORE=0.5000,RSI_STD_SCORE=0.5000,MACD_SCORE=0.5000,ATR_Filter_SCORE=0.5000,Sector_SCORE=0.5000,RelativeVolume_SCORE=0.5000,Multi_MA_SCORE=0.5000,Crossover_SCORE=0.5000
1,GNSS,2024-12-03 10:30:00,(Entry),3.7600,NA,1277,NA,NA,NA,RSI_SCORE=0.5000,RSI_STD_SCORE=0.5000,MACD_SCORE=0.5000,ATR_Filter_SCORE=0.5000,Sector_SCORE=0.5000,RelativeVolume_SCORE=0.5000,Multi_MA_SCORE=0.5000,Crossover_SCORE=0.5000
1,GNSS,2024-12-03 15:30:00,(EODExit),3.8000,3.7600,1277,51.0800,1,0.01064,RSI_SCORE=0.5000,RSI_STD_SCORE=0.5000,MACD_SCORE=0.5000,ATR_Filter_SCORE=0.5000,Sector_SCORE=0.5000,RelativeVolume_SCORE=0.5000,Multi_MA_SCORE=0.5000,Crossover_SCORE=0.5000
1,GNSS,2024-12-04 09:30:00,(Entry),3.8300,NA,1255,NA,NA,NA,RSI_SCORE=0.5000,RSI_STD_SCORE=0.5000,MACD_SCORE=0.5000,ATR_Filter_SCORE=0.5000,Sector_SCORE=0.5000,RelativeVolume_SCORE=0.5000,Multi_MA_SCORE=0.5000,Crossover_SCORE=0.5000
1,GNSS,2024-12-04 15:00:00,(Stop),3.7763,3.8300,1255,-67.4203,0,-0.01403,RSI_SCORE=0.8000,RSI_STD_SCORE=0.5217,MACD_SCORE=0.3000,ATR_Filter_SCORE=0.8000,Sector_SCORE=nan,RelativeVolume_SCORE=0.3000,Multi_MA_SCORE=0.5000,Crossover_SCORE=0.5000
1,CAN,2024-12-02 09:30:00,(Entry),2.1250,NA,2259,NA,NA,NA,RSI_SCORE=0.5000,RSI_STD_SCORE=0.5000,MACD_SCORE=0.5000,ATR_Filter_SCORE=0.5000,Sector_SCORE=0.5000,RelativeVolume_SCORE=0.5000,Multi_MA_SCORE=0.5000,Crossover_SCORE=0.5000
1,CAN,2024-12-02 15:30:00,(EODExit),2.0700,2.1250,2259,-124.2452,0,-0.02588,RSI_SCORE=0.5000,RSI_STD_SCORE=0.5000,MACD_SCORE=0.5000,ATR_Filter_SCORE=0.5000,Sector_SCORE=0.5000,RelativeVolume_SCORE=0.5000,Multi_MA_SCORE=0.5000,Crossover_SCORE=0.5000
1,CAN,2024-12-03 09:30:00,(Entry),1.9801,NA,2419,NA,NA,NA,RSI_SCORE=0.5000,RSI_STD_SCORE=0.5000,MACD_SCORE=0.5000,ATR_Filter_SCORE=0.5000,Sector_SCORE=0.5000,RelativeVolume_SCORE=0.5000,Multi_MA_SCORE=0.5000,Crossover_SCORE=0.5000
1,CAN,2024-12-03 12:30:00,(Profit),2.1756,1.9801,2419,472.8972,1,0.09873,RSI_SCORE=0.5000,RSI_STD_SCORE=0.5000,MACD_SCORE=0.5000,ATR_Filter_SCORE=0.5000,Sector_SCORE=0.5000,RelativeVolume_SCORE=0.5000,Multi_MA_SCORE=0.5000,Crossover_SCORE=0.5000
1,CAN,2024-12-03 13:00:00,(Entry),2.1750,NA,2223,NA,NA,NA,RSI_SCORE=0.5000,RSI_STD_SCORE=0.5000,MACD_SCORE=0.5000,ATR_Filter_SCORE=0.5000,Sector_SCORE=0.5000,RelativeVolume_SCORE=0.5000,Multi_MA_SCORE=0.5000,Crossover_SCORE=0.5000
1,CAN,2024-12-03 15:30:00,(EODExit),2.1400,2.1750,2223,-77.8047,0,-0.01609,RSI_SCORE=0.5000,RSI_STD_SCORE=0.5000,MACD_SCORE=0.5000,ATR_Filter_SCORE=0.5000,Sector_SCORE=0.5000,RelativeVolume_SCORE=0.5000,Multi_MA_SCORE=0.5000,Crossover_SCORE=0.5000
1,CAN,2024-12-04 09:30:00,(Entry),2.1500,NA,2246,NA,NA,NA,RSI_SCORE=0.5000,RSI_STD_SCORE=0.5000,MACD_SCORE=0.5000,ATR_Filter_SCORE=0.5000,Sector_SCORE=0.5000,RelativeVolume_SCORE=0.5000,Multi_MA_SCORE=0.5000,Crossover_SCORE=0.5000
1,CAN,2024-12-04 10:00:00,(Profit),2.3993,2.1500,2246,559.9282,1,0.11595,RSI_SCORE=0.5000,RSI_STD_SCORE=0.5000,MACD_SCORE=0.5000,ATR_Filter_SCORE=0.5000,Sector_SCORE=0.5000,RelativeVolume_SCORE=0.5000,Multi_MA_SCORE=0.5000,Crossover_SCORE=0.5000
1,CAN,2024-12-04 10:30:00,(Entry),2.3650,NA,2065,NA,NA,NA,RSI_SCORE=0.5000,RSI_STD_SCORE=0.5000,MACD_SCORE=0.5000,ATR_Filter_SCORE=0.5000,Sector_SCORE=0.5000,RelativeVolume_SCORE=0.5000,Multi_MA_SCORE=0.5000,Crossover_SCORE=0.5000
1,CAN,2024-12-04 15:30:00,(EODExit),2.3100,2.3650,2065,-113.5751,0,-0.02326,RSI_SCORE=0.8000,RSI_STD_SCORE=0.7308,MACD_SCORE=0.1000,ATR_Filter_SCORE=0.8000,Sector_SCORE=nan,RelativeVolume_SCORE=0.3000,Multi_MA_SCORE=0.5000,Crossover_SCORE=0.5000
1,DM,2024-12-02 09:30:00,(Entry),4.1500,NA,1174,NA,NA,NA,RSI_SCORE=0.5000,RSI_STD_SCORE=0.5000,MACD_SCORE=0.5000,ATR_Filter_SCORE=0.5000,Sector_SCORE=0.5000,RelativeVolume_SCORE=0.5000,Multi_MA_SCORE=0.5000,Crossover_SCORE=0.5000
1,DM,2024-12-02 15:30:00,(EODExit),4.1600,4.1500,1174,11.7397,1,0.00241,RSI_SCORE=0.5000,RSI_STD_SCORE=0.5000,MACD_SCORE=0.5000,ATR_Filter_SCORE=0.5000,Sector_SCORE=0.5000,RelativeVolume_SCORE=0.5000,Multi_MA_SCORE=0.5000,Crossover_SCORE=0.5000
1,DM,2024-12-03 09:30:00,(Entry),4.1400,NA,1177,NA,NA,NA,RSI_SCORE=0.5000,RSI_STD_SCORE=0.5000,MACD_SCORE=0.5000,ATR_Filter_SCORE=0.5000,Sector_SCORE=0.5000,RelativeVolume_SCORE=0.5000,Multi_MA_SCORE=0.5000,Crossover_SCORE=0.5000
1,DM,2024-12-03 10:00:00,(Stop),4.0950,4.1400,1177,-53.0029,0,-0.01088,RSI_SCORE=0.5000,RSI_STD_SCORE=0.5000,MACD_SCORE=0.5000,ATR_Filter_SCORE=0.5000,Sector_SCORE=0.5000,RelativeVolume_SCORE=0.5000,Multi_MA_SCORE=0.5000,Crossover_SCORE=0.5000
1,DM,2024-12-03 10:30:00,(Entry),4.0650,NA,1198,NA,NA,NA,RSI_SCORE=0.5000,RSI_STD_SCORE=0.5000,MACD_SCORE=0.5000,ATR_Filter_SCORE=0.5000,Sector_SCORE=0.5000,RelativeVolume_SCORE=0.5000,Multi_MA_SCORE=0.5000,Crossover_SCORE=0.5000
1,DM,2024-12-03 11:00:00,(Stop),4.0189,4.0650,1198,-55.2322,0,-0.01134,RSI_SCORE=0.5000,RSI_STD_SCORE=0.5000,MACD_SCORE=0.5000,ATR_Filter_SCORE=0.5000,Sector_SCORE=0.5000,RelativeVolume_SCORE=0.5000,Multi_MA_SCORE=0.5000,Crossover_SCORE=0.5000
1,DM,2024-12-03 11:30:00,(Entry),4.0397,NA,1204,NA,NA,NA,RSI_SCORE=0.5000,RSI_STD_SCORE=0.5000,MACD_SCORE=0.5000,ATR_Filter_SCORE=0.5000,Sector_SCORE=0.5000,RelativeVolume_SCORE=0.5000,Multi_MA_SCORE=0.5000,Crossover_SCORE=0.5000
1,DM,2024-12-03 13:00:00,(Profit),4.1369,4.0397,1204,117.0289,1,0.02406,RSI_SCORE=0.5000,RSI_STD_SCORE=0.5000,MACD_SCORE=0.5000,ATR_Filter_SCORE=0.5000,Sector_SCORE=0.5000,RelativeVolume_SCORE=0.5000,Multi_MA_SCORE=0.5000,Crossover_SCORE=0.5000
1,DM,2024-12-03 13:30:00,(Entry),4.1400,NA,1177,NA,NA,NA,RSI_SCORE=0.5000,RSI_STD_SCORE=0.5000,MACD_SCORE=0.5000,ATR_Filter_SCORE=0.5000,Sector_SCORE=0.5000,RelativeVolume_SCORE=0.5000,Multi_MA_SCORE=0.5000,Crossover_SCORE=0.5000
1,DM,2024-12-03 15:30:00,(EODExit),4.1550,4.1400,1177,17.6554,1,0.00362,RSI_SCORE=0.5000,RSI_STD_SCORE=0.5000,MACD_SCORE=0.5000,ATR_Filter_SCORE=0.5000,Sector_SCORE=0.5000,RelativeVolume_SCORE=0.5000,Multi_MA_SCORE=0.5000,Crossover_SCORE=0.5000
1,DM,2024-12-04 09:30:00,(Entry),4.1300,NA,1181,NA,NA,NA,RSI_SCORE=0.5000,RSI_STD_SCORE=0.5000,MACD_SCORE=0.5000,ATR_Filter_SCORE=0.5000,Sector_SCORE=0.5000,RelativeVolume_SCORE=0.5000,Multi_MA_SCORE=0.5000,Crossover_SCORE=0.5000
1,DM,2024-12-04 11:00:00,(Stop),4.0629,4.1300,1181,-79.2873,0,-0.01626,RSI_SCORE=0.8000,RSI_STD_SCORE=0.4118,MACD_SCORE=0.1000,ATR_Filter_SCORE=0.8000,Sector_SCORE=nan,RelativeVolume_SCORE=0.5000,Multi_MA_SCORE=0.5000,Crossover_SCORE=0.5000
1,MIND,2024-12-02 09:30:00,(Entry),3.8800,NA,1255,NA,NA,NA,RSI_SCORE=0.5000,RSI_STD_SCORE=0.5000,MACD_SCORE=0.5000,ATR_Filter_SCORE=0.5000,Sector_SCORE=0.5000,RelativeVolume_SCORE=0.5000,Multi_MA_SCORE=0.5000,Crossover_SCORE=0.5000
1,MIND,2024-12-02 15:30:00,(EODExit),3.8700,3.8800,1255,-12.5503,0,-0.00258,RSI_SCORE=0.5000,RSI_STD_SCORE=0.5000,MACD_SCORE=0.5000,ATR_Filter_SCORE=0.5000,Sector_SCORE=0.5000,RelativeVolume_SCORE=0.5000,Multi_MA_SCORE=0.5000,Crossover_SCORE=0.5000
1,MIND,2024-12-03 09:30:00,(Entry),3.8900,NA,1251,NA,NA,NA,RSI_SCORE=0.5000,RSI_STD_SCORE=0.5000,MACD_SCORE=0.5000,ATR_Filter_SCORE=0.5000,Sector_SCORE=0.5000,RelativeVolume_SCORE=0.5000,Multi_MA_SCORE=0.5000,Crossover_SCORE=0.5000
1,MIND,2024-12-03 15:30:00,(EODExit),3.7600,3.8900,1251,-162.6301,0,-0.03342,RSI_SCORE=0.5000,RSI_STD_SCORE=0.5000,MACD_SCORE=0.5000,ATR_Filter_SCORE=0.5000,Sector_SCORE=0.5000,RelativeVolume_SCORE=0.5000,Multi_MA_SCORE=0.5000,Crossover_SCORE=0.5000
1,MIND,2024-12-04 09:30:00,(Entry),3.8000,NA,1276,NA,NA,NA,RSI_SCORE=0.5000,RSI_STD_SCORE=0.5000,MACD_SCORE=0.5000,ATR_Filter_SCORE=0.5000,Sector_SCORE=0.5000,RelativeVolume_SCORE=0.5000,Multi_MA_SCORE=0.5000,Crossover_SCORE=0.5000
1,MIND,2024-12-04 15:30:00,(Profit),3.9025,3.8000,1276,130.7263,1,0.02696,RSI_SCORE=0.8000,RSI_STD_SCORE=0.0476,MACD_SCORE=0.7000,ATR_Filter_SCORE=0.8000,Sector_SCORE=nan,RelativeVolume_SCORE=0.3000,Multi_MA_SCORE=0.5000,Crossover_SCORE=1.0000
1,TLS,2024-12-02 09:30:00,(Entry),3.3900,NA,1435,NA,NA,NA,RSI_SCORE=0.5000,RSI_STD_SCORE=0.5000,MACD_SCORE=0.5000,ATR_Filter_SCORE=0.5000,Sector_SCORE=0.5000,RelativeVolume_SCORE=0.5000,Multi_MA_SCORE=0.5000,Crossover_SCORE=0.5000
1,TLS,2024-12-02 15:30:00,(EODExit),3.4500,3.3900,1435,86.0999,1,0.01770,RSI_SCORE=0.5000,RSI_STD_SCORE=0.5000,MACD_SCORE=0.5000,ATR_Filter_SCORE=0.5000,Sector_SCORE=0.5000,RelativeVolume_SCORE=0.5000,Multi_MA_SCORE=0.5000,Crossover_SCORE=0.5000
1,TLS,2024-12-03 09:30:00,(Entry),3.4400,NA,1416,NA,NA,NA,RSI_SCORE=0.5000,RSI_STD_SCORE=0.5000,MACD_SCORE=0.5000,ATR_Filter_SCORE=0.5000,Sector_SCORE=0.5000,RelativeVolume_SCORE=0.5000,Multi_MA_SCORE=0.5000,Crossover_SCORE=0.5000
1,TLS,2024-12-03 11:00:00,(Stop),3.3701,3.4400,1416,-98.9330,0,-0.02031,RSI_SCORE=0.5000,RSI_STD_SCORE=0.5000,MACD_SCORE=0.5000,ATR_Filter_SCORE=0.5000,Sector_SCORE=0.5000,RelativeVolume_SCORE=0.5000,Multi_MA_SCORE=0.5000,Crossover_SCORE=0.5000
1,TLS,2024-12-03 11:30:00,(Entry),3.3800,NA,1439,NA,NA,NA,RSI_SCORE=0.5000,RSI_STD_SCORE=0.5000,MACD_SCORE=0.5000,ATR_Filter_SCORE=0.5000,Sector_SCORE=0.5000,RelativeVolume_SCORE=0.5000,Multi_MA_SCORE=0.5000,Crossover_SCORE=0.5000
1,TLS,2024-12-03 15:00:00,(Stop),3.3188,3.3800,1439,-88.0515,0,-0.01810,RSI_SCORE=0.5000,RSI_STD_SCORE=0.5000,MACD_SCORE=0.5000,ATR_Filter_SCORE=0.5000,Sector_SCORE=0.5000,RelativeVolume_SCORE=0.5000,Multi_MA_SCORE=0.5000,Crossover_SCORE=0.5000
1,TLS,2024-12-03 15:30:00,(Entry),3.3200,NA,1462,NA,NA,NA,RSI_SCORE=0.5000,RSI_STD_SCORE=0.5000,MACD_SCORE=0.5000,ATR_Filter_SCORE=0.5000,Sector_SCORE=0.5000,RelativeVolume_SCORE=0.5000,Multi_MA_SCORE=0.5000,Crossover_SCORE=0.5000
1,TLS,2024-12-03 15:30:00,(EODExit),3.3100,3.3200,1462,-14.6200,0,-0.00301,RSI_SCORE=0.5000,RSI_STD_SCORE=0.5000,MACD_SCORE=0.5000,ATR_Filter_SCORE=0.5000,Sector_SCORE=0.5000,RelativeVolume_SCORE=0.5000,Multi_MA_SCORE=0.5000,Crossover_SCORE=0.5000
1,TLS,2024-12-04 09:30:00,(Entry),3.3300,NA,1457,NA,NA,NA,RSI_SCORE=0.5000,RSI_STD_SCORE=0.5000,MACD_SCORE=0.5000,ATR_Filter_SCORE=0.5000,Sector_SCORE=0.5000,RelativeVolume_SCORE=0.5000,Multi_MA_SCORE=0.5000,Crossover_SCORE=0.5000
1,TLS,2024-12-04 15:30:00,(EODExit),3.4050,3.3300,1457,109.2751,1,0.02252,RSI_SCORE=0.8000,RSI_STD_SCORE=0.0385,MACD_SCORE=0.7000,ATR_Filter_SCORE=0.8000,Sector_SCORE=nan,RelativeVolume_SCORE=0.7000,Multi_MA_SCORE=0.5000,Crossover_SCORE=1.0000
